id,observed_on_string,observed_on,time_observed_at,time_zone,user_id,user_login,created_at,updated_at,quality_grade,license,url,image_url,sound_url,tag_list,description,num_identification_agreements,num_identification_disagreements,captive_cultivated,oauth_application_id,place_guess,latitude,longitude,positional_accuracy,geoprivacy,taxon_geoprivacy,coordinates_obscured,positioning_method,positioning_device,species_guess,scientific_name,common_name,iconic_taxon_name,taxon_id
41020521,2020/03/29 9:49 PM IST,2020-03-29,2020-03-29 16:19:00 UTC,Chennai,2433057,sreejithallipra,2020-03-30 05:49:45 UTC,2020-05-06 15:41:19 UTC,research,CC0,https://www.inaturalist.org/observations/41020521,https://static.inaturalist.org/photos/65048152/medium.jpg?1585547267,,"",,8,0,false,,India,8.6239576658,77.0253174294,31,,obscured,true,,,Indian Python,Python molurus,Indian Python,Reptilia,32150
41844158,2020/04/10 5:21 PM IST,2020-04-10,2020-04-10 11:51:00 UTC,Chennai,735021,anilamanalil,2020-04-10 18:48:35 UTC,2020-05-02 14:57:42 UTC,needs_id,CC-BY-NC,https://www.inaturalist.org/observations/41844158,https://static.inaturalist.org/photos/66394709/medium.jpeg?1586543254,,"",,0,0,false,,"Kerala, IN",9.0847388345,76.8121098481,4151,,obscured,true,,,Bombay Rosewood,Dalbergia latifolia,Bombay Rosewood,Plantae,68654
42174843,2020/03/24 2:05 PM IST,2020-03-24,2020-03-24 08:35:00 UTC,Chennai,735021,anilamanalil,2020-04-14 17:50:12 UTC,2020-04-18 19:40:15 UTC,research,CC-BY-NC,https://www.inaturalist.org/observations/42174843,https://static.inaturalist.org/photos/66950417/medium.jpeg?1586886344,,"",,2,0,false,,"Kerala, IN",9.1476028791,76.9823241831,4151,,obscured,true,,,Ashokam.,Saraca asoca,Ashokam.,Plantae,181406
42412139,2020/04/17 10:10 AM IST,2020-04-17,2020-04-17 04:40:00 UTC,Chennai,6490,manojkmohan,2020-04-17 19:14:56 UTC,2020-04-21 13:00:59 UTC,research,CC-BY,https://www.inaturalist.org/observations/42412139,https://static.inaturalist.org/photos/67339662/medium.jpeg?1587150755,,"","",2,0,false,,"Kerala, IN",12.0302552736,75.3973487928,237,,obscured,true,,,Tabernaemontana alternifolia,Tabernaemontana alternifolia,,Plantae,355673
42571734,2020-04-12 4:16:39 PM GMT+05:30,2020-04-12,2020-04-12 10:46:39 UTC,Chennai,2481376,aiswaryasl,2020-04-19 14:55:02 UTC,2020-04-20 10:13:27 UTC,needs_id,CC-BY-NC,https://www.inaturalist.org/observations/42571734,https://static.inaturalist.org/photos/67601107/medium.jpeg?1587308121,,"",,0,0,false,2,"Kerala, IN",11.5994281828,75.9040528273,,,obscured,true,gps,gps,Waynad bush frog,Pseudophilautus wynaadensis,Waynad bush frog,Amphibia,26433
42580256,2020/04/19 1:39 AM IST,2020-04-19,2020-04-18 20:09:00 UTC,Chennai,6490,manojkmohan,2020-04-19 16:29:03 UTC,2020-04-20 13:51:02 UTC,needs_id,CC-BY,https://www.inaturalist.org/observations/42580256,https://static.inaturalist.org/photos/67610876/medium.jpeg?1587312054,,"","",1,0,false,,"Kerala, IN",12.005170496,75.3854543956,237,,obscured,true,,,Waynad bush frog,Pseudophilautus wynaadensis,Waynad bush frog,Amphibia,26433
42583511,2020/04/19 10:09 AM IST,2020-04-19,2020-04-19 04:39:00 UTC,Chennai,6490,manojkmohan,2020-04-19 17:03:41 UTC,2020-04-21 06:54:35 UTC,research,CC-BY,https://www.inaturalist.org/observations/42583511,https://static.inaturalist.org/photos/67619665/medium.jpeg?1587315675,,"","",1,0,false,,"Kerala, IN",12.0849793697,75.2734228893,237,,obscured,true,,,Tabernaemontana alternifolia,Tabernaemontana alternifolia,,Plantae,355673
42583528,2020/04/19 10:15 AM IST,2020-04-19,2020-04-19 04:45:00 UTC,Chennai,6490,manojkmohan,2020-04-19 17:03:49 UTC,2020-04-21 19:28:40 UTC,research,CC-BY,https://www.inaturalist.org/observations/42583528,https://static.inaturalist.org/photos/67619725/medium.jpeg?1587315702,,"","",2,0,false,,"Kerala, IN",12.1527533314,75.3969918489,237,,obscured,true,,,Indian Sandalwood,Santalum album,Indian Sandalwood,Plantae,68656
44568769,Thu Apr 30 2020 15:00:45 GMT+0530 (GMT+5:30),2020-04-30,2020-04-30 09:30:45 UTC,Chennai,2719215,linogeorge,2020-05-02 09:46:06 UTC,2020-05-02 09:46:31 UTC,needs_id,,https://www.inaturalist.org/observations/44568769,https://static.inaturalist.org/photos/70664092/medium.jpg?1588412787,,"",,0,0,false,3,"Idukki, IN-KL, IN",10.0119826521,77.1690440471,10,,obscured,true,,,,Myristica malabarica,Malabar Nutmeg,Plantae,440972
44689490,2020-05-03 9:16:01 AM GMT+05:30,2020-05-03,2020-05-03 03:46:01 UTC,Chennai,2507373,wild_planet_official,2020-05-03 04:33:39 UTC,2020-05-08 10:17:27 UTC,research,,https://www.inaturalist.org/observations/44689490,https://static.inaturalist.org/photos/70852479/medium.jpeg?1588480427,,"",,3,0,false,2,"Kerala, IN",10.5119743497,76.1871368173,11,,obscured,true,gps,gps,Schwarzbauch-Erdschildkrote,Melanochelys trijuga,Indian Black Turtle,Reptilia,39959
44950945,2020-04-30T11:10:09+05:30,2020-04-30,2020-04-30 05:40:09 UTC,UTC,2167194,suvarnakumarb,2020-05-05 05:09:40 UTC,2020-05-05 05:09:50 UTC,needs_id,,https://www.inaturalist.org/observations/44950945,https://static.inaturalist.org/photos/71264058/medium.jpeg?1588655386,,"",,0,0,false,333,"Kerala, IN",10.3701017449,76.5484880497,2000,,obscured,true,,,,Hopea parviflora,,Plantae,193458
45147971,2020/05/02 12:57 PM IST,2020-05-02,2020-05-02 07:27:00 UTC,Chennai,1866941,risonkj,2020-05-07 08:22:31 UTC,2020-05-07 19:37:16 UTC,research,CC-BY-NC,https://www.inaturalist.org/observations/45147971,https://static.inaturalist.org/photos/71581471/medium.jpg?1588838672,,"",,1,0,false,,"Kerala, IN",10.3108420139,76.3429754813,2,,obscured,true,,,Cayratia pedata,Cayratia pedata,,Plantae,496014
45194679,2020/04/29 9:53 PM HST,2020-04-29,2020-04-30 07:53:00 UTC,Hawaii,1613407,rajukidoor,2020-05-07 19:15:29 UTC,2020-05-14 15:49:54 UTC,needs_id,CC-BY-NC,https://www.inaturalist.org/observations/45194679,https://static.inaturalist.org/photos/71654937/medium.jpg?1588878881,,"",,1,0,false,,India,12.6957032664,74.9979637344,,,obscured,true,,,Bicolored Frog,Clinotarsus curtipes,Bicolored Frog,Amphibia,65182
45244965,2020-05-08 11:46:00 AM GMT+05:30,2020-05-08,2020-05-08 06:16:00 UTC,Chennai,2838515,sudarsanks,2020-05-08 07:17:33 UTC,2020-05-14 18:43:00 UTC,research,,https://www.inaturalist.org/observations/45244965,https://static.inaturalist.org/photos/71738936/medium.jpg?1588922257,,"",,4,0,false,2,"Kerala, IN",9.8444760787,76.3864281523,263,,obscured,true,gps,gps,Indian Python,Python molurus,Indian Python,Reptilia,32150
45444165,2020-04-29 7:04:14 PM GMT+05:30,2020-04-29,2020-04-29 13:34:14 UTC,Chennai,2903905,abhiramic,2020-05-10 03:18:56 UTC,2020-05-10 11:47:31 UTC,research,,https://www.inaturalist.org/observations/45444165,https://static.inaturalist.org/photos/72062114/medium.jpeg?1589080754,,"",,1,0,false,2,"Kerala, IN",11.059828991,76.2074151671,56,,obscured,true,gps,gps,Waynad bush frog,Pseudophilautus wynaadensis,Waynad bush frog,Amphibia,26433
45454700,2020-04-16 2:56:31 PM GMT+05:30,2020-04-16,2020-04-16 09:26:31 UTC,Chennai,1347051,regimani,2020-05-10 06:56:59 UTC,2020-05-16 14:16:38 UTC,research,CC-BY-NC,https://www.inaturalist.org/observations/45454700,https://static.inaturalist.org/photos/72080599/medium.jpeg?1589093870,,"",,1,0,false,2,"Kerala, IN",10.2280389512,76.2833099057,2789,,obscured,true,gps,gps,Bicolored Frog,Clinotarsus curtipes,Bicolored Frog,Amphibia,65182
45456654,2020-05-01,2020-05-01,,UTC,2930916,renjithjm,2020-05-10 07:49:07 UTC,2020-05-10 11:45:16 UTC,research,CC-BY,https://www.inaturalist.org/observations/45456654,https://static.inaturalist.org/photos/72083859/medium.jpeg?1589097001,,"",,1,0,false,2,"Kerala, IN",10.1245588368,76.7478501526,49,,obscured,true,gps,gps,Waynad bush frog,Pseudophilautus wynaadensis,Waynad bush frog,Amphibia,26433
45509958,2020-05-09 10:58:17 AM GMT+05:30,2020-05-09,2020-05-09 05:28:17 UTC,Chennai,2930916,renjithjm,2020-05-10 18:47:59 UTC,2020-05-27 14:27:00 UTC,research,CC-BY,https://www.inaturalist.org/observations/45509958,https://static.inaturalist.org/photos/72166285/medium.jpg?1589136487,,"",Flying hight above house ,2,0,false,2,"Kerala, IN",10.0261947279,76.6755874143,21,,obscured,true,gps,gps,Painted Stork,Mycteria leucocephala,Painted Stork,Aves,4743
46098968,2020-05-13 1:01:31 PM GMT+05:30,2020-05-13,2020-05-13 07:31:31 UTC,Chennai,638416,renju,2020-05-16 16:12:09 UTC,2020-05-16 16:14:22 UTC,needs_id,CC-BY,https://www.inaturalist.org/observations/46098968,https://static.inaturalist.org/photos/73116096/medium.jpeg?1589645567,,"",,0,0,false,2,"Kerala, IN",9.6565682831,76.3209211635,,,obscured,true,gps,gps,Hopea ponga,Hopea ponga,,Plantae,193466
46227729,2020/05/16 9:58 AM UTC,2020-05-16,,UTC,2050487,christojo,2020-05-17 13:44:14 UTC,2020-05-27 14:34:53 UTC,research,CC-BY,https://www.inaturalist.org/observations/46227729,https://static.inaturalist.org/photos/73317708/medium.jpeg?1589722999,,"",A group of Oriental darters.,3,0,false,,"Kerala, IN",9.5321611134,76.4498524166,8,,obscured,true,,,Oriental Darter,Anhinga melanogaster,Oriental Darter,Aves,5062
46229186,2020/05/13 5:08 PM IST,2020-05-13,2020-05-13 11:38:00 UTC,Mumbai,8826,chiefredearth,2020-05-17 13:55:51 UTC,2020-07-06 07:39:36 UTC,needs_id,CC-BY-NC-ND,https://www.inaturalist.org/observations/46229186,https://static.inaturalist.org/photos/73319980/medium.jpg?1589723708,,"",,1,0,false,,"Thiruvananthapuram, IN-KL, IN",8.5315720422,76.8142379741,,,obscured,true,,,Waynad bush frog,Pseudophilautus wynaadensis,Waynad bush frog,Amphibia,26433
46345828,2020-05-18 11:45:09 AM GMT+05:30,2020-05-18,2020-05-18 06:15:09 UTC,Chennai,2903905,abhiramic,2020-05-18 06:17:09 UTC,2020-05-18 06:18:13 UTC,needs_id,,https://www.inaturalist.org/observations/46345828,https://static.inaturalist.org/photos/73507509/medium.jpeg?1589782658,,"",,0,0,false,2,"Kerala, IN",11.0430535755,76.3597402711,6,,obscured,true,,,Big-leaf Mahogany,Swietenia macrophylla,Big-leaf Mahogany,Plantae,169442
46760679,2020-05-20 11:30:00 PM GMT+05:30,2020-05-20,2020-05-20 18:00:00 UTC,Chennai,2791881,yashkrishnan,2020-05-21 19:45:07 UTC,2020-05-25 09:56:18 UTC,needs_id,,https://www.inaturalist.org/observations/46760679,https://static.inaturalist.org/photos/74158570/medium.jpeg?1590090314,,"",,1,0,false,2,"Kerala, IN",10.3859776512,76.1556166133,68,,obscured,true,gps,gps,Schwarzbauch-Erdschildkrote,Melanochelys trijuga,Indian Black Turtle,Reptilia,39959
46954475,2020-05-22 1:11:00 PM GMT+05:30,2020-05-22,2020-05-22 07:41:00 UTC,Chennai,3022454,akhilsmail,2020-05-23 11:57:41 UTC,2020-05-23 11:59:00 UTC,needs_id,,https://www.inaturalist.org/observations/46954475,https://static.inaturalist.org/photos/74467212/medium.jpeg?1590235137,,"",,0,0,false,2,"Kerala, IN",9.6367109886,76.258268184,,,obscured,true,gps,gps,Indian arrowroot,Curcuma caulina,Indian arrowroot,Plantae,139932
47079831,2020-04-14 5:28:57 PM GMT+05:30,2020-04-14,2020-04-14 11:58:57 UTC,Chennai,3034285,kjoel,2020-05-24 06:56:42 UTC,2020-05-25 11:09:21 UTC,needs_id,,https://www.inaturalist.org/observations/47079831,https://static.inaturalist.org/photos/74667750/medium.jpeg?1590303487,,"",,1,0,false,2,"Alappuzha, IN-KL, IN",9.7907200731,76.3043517619,25,,open,false,gps,gps,Mozambique Tilapia,Oreochromis mossambicus,Mozambique Tilapia,Actinopterygii,107889
47091445,2020-05-24 9:30:19 AM GMT+05:30,2020-05-24,2020-05-24 04:00:19 UTC,Chennai,638416,renju,2020-05-24 10:20:18 UTC,2020-05-24 10:20:31 UTC,needs_id,CC-BY,https://www.inaturalist.org/observations/47091445,https://static.inaturalist.org/photos/74686069/medium.jpeg?1590315628,,"",,0,0,false,2,"Kerala, IN",9.6958072337,76.3810842045,,,obscured,true,gps,gps,West Indian Mahogany,Swietenia mahagoni,West Indian Mahogany,Plantae,497641
47091636,2020-04-14 5:28:57 PM GMT+05:30,2020-04-14,2020-04-14 11:58:57 UTC,Chennai,3022454,akhilsmail,2020-05-24 10:23:26 UTC,2020-05-25 08:04:25 UTC,needs_id,,https://www.inaturalist.org/observations/47091636,https://static.inaturalist.org/photos/74686422/medium.jpeg?1590315816,,"",,1,0,false,2,"Kerala 688540, India",9.7895759203,76.3033824787,5,,open,false,gps,gps,Mozambique Tilapia,Oreochromis mossambicus,Mozambique Tilapia,Actinopterygii,107889
47249539,2020-05-25 4:09:21 PM GMT+05:30,2020-05-25,2020-05-25 10:39:21 UTC,Chennai,2974596,arjunior,2020-05-25 10:53:40 UTC,2020-05-25 10:54:01 UTC,needs_id,,https://www.inaturalist.org/observations/47249539,https://static.inaturalist.org/photos/74937185/medium.jpeg?1590404038,,"",,0,0,false,2,"Kerala, IN",9.7256986378,76.2064435696,31,,obscured,true,,,Big-leaf Mahogany,Swietenia macrophylla,Big-leaf Mahogany,Plantae,169442
47409444,2020/05/09 9:41 AM IST,2020-05-09,2020-05-09 04:11:00 UTC,New Delhi,2770226,kollikara,2020-05-26 15:53:19 UTC,2020-05-27 14:22:34 UTC,research,CC-BY-NC,https://www.inaturalist.org/observations/47409444,https://static.inaturalist.org/photos/75191911/medium.jpeg?1590508378,,"","",3,0,false,,"Kerala, IN",10.2614703803,76.2949765552,122,,obscured,true,,,Oriental Darter,Anhinga melanogaster,Oriental Darter,Aves,5062
47486230,2020/04/22 5:40 PM IST,2020-04-22,2020-04-22 12:10:00 UTC,Chennai,2956018,ashokrajvm,2020-05-27 07:35:49 UTC,2020-05-29 06:09:31 UTC,research,CC-BY-NC,https://www.inaturalist.org/observations/47486230,https://static.inaturalist.org/photos/75319196/medium.jpeg?1590564927,,"",,2,0,false,,"Kerala, IN",11.3992404345,76.3490857994,3724,,obscured,true,,,Slon indický,Elephas maximus indicus,Indian Elephant,Mammalia,465033
47486383,2020/05/03 7:31 AM IST,2020-05-03,2020-05-03 02:01:00 UTC,Chennai,2956018,ashokrajvm,2020-05-27 07:39:19 UTC,2020-05-29 06:09:20 UTC,research,CC-BY-NC,https://www.inaturalist.org/observations/47486383,https://static.inaturalist.org/photos/75319389/medium.jpeg?1590565104,,"",,2,0,false,,"Kerala, IN",11.2008993143,76.3384908654,3724,,obscured,true,,,Smooth-coated Otter,Lutrogale perspicillata,Smooth-coated Otter,Mammalia,41856
47598580,2020-05-28 8:16:44 AM GMT+05:30,2020-05-28,2020-05-28 02:46:44 UTC,Chennai,3060734,ambikanandini,2020-05-28 07:06:24 UTC,2020-07-20 18:27:59 UTC,research,,https://www.inaturalist.org/observations/47598580,https://static.inaturalist.org/photos/80778680/medium.jpeg?1593063752,,"",,4,0,false,2,"Kerala, IN",10.5427349811,76.197960126,,,obscured,true,gps,gps,Oriental Darter,Anhinga melanogaster,Oriental Darter,Aves,5062
47743537,2020/05/23 6:55 PM UTC,2020-05-23,,UTC,2050487,christojo,2020-05-29 16:08:06 UTC,2020-05-29 16:08:06 UTC,needs_id,CC-BY,https://www.inaturalist.org/observations/47743537,https://static.inaturalist.org/photos/75734155/medium.jpeg?1590768449,,"",,0,0,false,,"Kerala, IN",9.4825171472,76.5924502908,8,,obscured,true,,,Waynad Bush Frog,Pseudophilautus wynaadensis,Waynad bush frog,Amphibia,26433
47746438,2020/05/24 6:57 PM UTC,2020-05-24,,UTC,2050487,christojo,2020-05-29 16:33:36 UTC,2020-06-21 03:15:04 UTC,research,CC-BY,https://www.inaturalist.org/observations/47746438,https://static.inaturalist.org/photos/75738449/medium.jpeg?1590769936,,"",About five males croaking within an area of 5 square metres.,2,0,false,,"Kerala, IN",9.5854988034,76.4887753703,8,,obscured,true,,,Waynad bush frog,Pseudophilautus wynaadensis,Waynad bush frog,Amphibia,26433
47758979,2020-05-26 6:47:16 PM GMT+05:30,2020-05-26,2020-05-26 13:17:16 UTC,New Delhi,2930916,renjithjm,2020-05-29 18:27:13 UTC,2020-06-21 03:15:01 UTC,research,CC-BY,https://www.inaturalist.org/observations/47758979,https://static.inaturalist.org/photos/75759045/medium.jpeg?1590776969,,"",,2,0,false,2,"Kerala, IN",10.0879883594,76.6530644973,7,,obscured,true,gps,gps,Waynad bush frog,Pseudophilautus wynaadensis,Waynad bush frog,Amphibia,26433
47833345,2020-05-30 4:41:04 PM GMT+05:30,2020-05-30,2020-05-30 11:11:04 UTC,Chennai,3034285,kjoel,2020-05-30 12:27:52 UTC,2020-05-31 03:53:19 UTC,research,,https://www.inaturalist.org/observations/47833345,https://static.inaturalist.org/photos/75879030/medium.jpeg?1590841773,,"",,1,0,false,2,"Kerala, IN",9.7500598923,76.3340350477,,,obscured,true,gps,gps,Ashokam.,Saraca asoca,Ashokam.,Plantae,181406
47833555,2020-05-30 4:41:15 PM GMT+05:30,2020-05-30,2020-05-30 11:11:15 UTC,Chennai,2974596,arjunior,2020-05-30 12:30:27 UTC,2020-05-31 03:53:08 UTC,research,,https://www.inaturalist.org/observations/47833555,https://static.inaturalist.org/photos/75879317/medium.jpeg?1590841897,,"",,1,0,false,2,"Kerala, IN",9.7783980416,76.3116588134,,,obscured,true,gps,gps,Ashokam.,Saraca asoca,Ashokam.,Plantae,181406
47845086,2020-05-30 4:49:57 PM GMT+05:30,2020-05-30,2020-05-30 11:19:57 UTC,Chennai,638416,renju,2020-05-30 14:25:06 UTC,2020-05-30 14:27:08 UTC,needs_id,CC-BY,https://www.inaturalist.org/observations/47845086,https://static.inaturalist.org/photos/75896409/medium.jpeg?1590848756,,"",,0,0,false,2,"Kerala, IN",9.7382488786,76.256317954,,,obscured,true,gps,gps,Stenochlaena palustris,Stenochlaena palustris,,Plantae,346621
47948841,2020-05-30 8:39:54 PM GMT+05:30,2020-05-30,2020-05-30 15:09:54 UTC,Chennai,638416,renju,2020-05-31 06:49:26 UTC,2020-06-02 12:21:18 UTC,research,CC-BY,https://www.inaturalist.org/observations/47948841,https://static.inaturalist.org/photos/76064892/medium.jpeg?1590908121,,"",,1,0,false,2,"Kerala, IN",9.7311481953,76.3219572323,,,obscured,true,gps,gps,Schwarzbauch-Erdschildkrote,Melanochelys trijuga,Indian Black Turtle,Reptilia,39959
47959015,2020-05-30 4:40:34 PM GMT+05:30,2020-05-30,2020-05-30 11:10:34 UTC,Chennai,638416,renju,2020-05-31 10:03:34 UTC,2020-05-31 10:12:57 UTC,needs_id,CC-BY,https://www.inaturalist.org/observations/47959015,https://static.inaturalist.org/photos/76080459/medium.jpeg?1590919692,,"",,0,0,false,2,"Kerala, IN",9.6925353526,76.2165258555,,,obscured,true,gps,gps,Ashokam.,Saraca asoca,Ashokam.,Plantae,181406
47959614,2020-05-13 3:37:12 PM GMT+05:30,2020-05-13,2020-05-13 10:07:12 UTC,Chennai,2183723,priya20,2020-05-31 10:15:11 UTC,2020-05-31 11:47:55 UTC,research,,https://www.inaturalist.org/observations/47959614,https://static.inaturalist.org/photos/76081047/medium.jpeg?1590920116,,"",Please confirm the id. This is a juvenile tortoise.,2,0,false,2,"Kerala, IN",9.6001492122,76.2282039151,5,,obscured,true,gps,gps,Indian Black Turtle,Melanochelys trijuga,Indian Black Turtle,Reptilia,39959
47991145,2020-05-31 4:29:27 PM GMT+05:30,2020-05-31,2020-05-31 10:59:27 UTC,Chennai,638416,renju,2020-05-31 15:35:05 UTC,2020-05-31 15:37:44 UTC,needs_id,CC-BY,https://www.inaturalist.org/observations/47991145,https://static.inaturalist.org/photos/76129250/medium.jpeg?1590939368,,"",,0,0,false,2,"Kerala, IN",9.6207833519,76.3012300015,,,obscured,true,gps,gps,Tabernaemontana alternifolia,Tabernaemontana alternifolia,,Plantae,355673
48062136,2020-05-31 8:32:47 AM GMT+05:30,2020-05-31,2020-05-31 03:02:47 UTC,Chennai,638416,renju,2020-05-31 23:51:11 UTC,2020-06-02 06:17:50 UTC,research,CC-BY,https://www.inaturalist.org/observations/48062136,https://static.inaturalist.org/photos/76240109/medium.jpeg?1590969131,,"",,3,0,false,2,"Kerala, IN",9.6132317635,76.3150954144,,,obscured,true,gps,gps,Black-tailed Godwit,Limosa limosa,Black-tailed Godwit,Aves,3947
48076425,2020-05-31 8:11:10 AM GMT+05:30,2020-05-31,2020-05-31 02:41:10 UTC,Chennai,638416,renju,2020-06-01 02:12:03 UTC,2020-06-02 06:13:08 UTC,research,CC-BY,https://www.inaturalist.org/observations/48076425,https://static.inaturalist.org/photos/76264725/medium.jpeg?1590977616,,"",,4,0,false,2,"Kerala, IN",9.6923463967,76.2830112362,,,obscured,true,gps,gps,Black-headed Ibis,Threskiornis melanocephalus,Black-headed Ibis,Aves,3738
48091487,2020-05-31 6:14:00 PM GMT+05:30,2020-05-31,2020-05-31 12:44:00 UTC,Chennai,2903905,abhiramic,2020-06-01 06:17:15 UTC,2020-06-01 06:23:48 UTC,needs_id,,https://www.inaturalist.org/observations/48091487,https://static.inaturalist.org/photos/76291879/medium.jpeg?1590992467,,"",,0,0,false,2,"Kerala, IN",11.1516038431,76.3555948138,,,obscured,true,gps,gps,Tabernaemontana alternifolia,Tabernaemontana alternifolia,,Plantae,355673
48106880,2020-06-01 9:08:39 AM GMT+05:30,2020-06-01,2020-06-01 03:38:39 UTC,Chennai,638416,renju,2020-06-01 11:38:22 UTC,2020-06-01 11:38:52 UTC,needs_id,CC-BY,https://www.inaturalist.org/observations/48106880,https://static.inaturalist.org/photos/76316675/medium.jpeg?1591011518,,"",,0,0,false,2,"Kerala, IN",9.789657126,76.2116349407,,,obscured,true,gps,gps,Carallia,Carallia brachiata,Carallia,Plantae,184314
48518357,2020-04-14 11:27:52 AM GMT+05:30,2020-04-14,2020-04-14 05:57:52 UTC,Chennai,3125491,soorajabraham1,2020-06-05 08:06:12 UTC,2020-06-05 09:10:22 UTC,research,CC-BY-NC,https://www.inaturalist.org/observations/48518357,https://static.inaturalist.org/photos/76993915/medium.jpeg?1591344415,,"","This was found from chemperi.which is a small town in kannur district of kerala.we found it while working in our land. Address:
Kavanadiyil house ,valayamkundu,chemperi ,kannur district,Kerala,pin:670632",1,0,false,2,"Kerala, IN",12.0462526102,75.4113579672,,,obscured,true,gps,gps,Loris tardigradus tardigradus,Loris tardigradus tardigradus,Southwestern Red Slender Loris,Mammalia,147688
50171400,2020/06/01 6:17 PM UTC,2020-06-01,,UTC,1391564,adil-kuhs,2020-06-19 17:39:21 UTC,2020-06-19 17:39:21 UTC,needs_id,,https://www.inaturalist.org/observations/50171400,https://static.inaturalist.org/photos/79654508/medium.jpeg?1592583210,,"",,0,0,false,,"Kerala, IN",10.7533574302,76.0441732242,8,,obscured,true,,,Ashokam.,Saraca asoca,Ashokam.,Plantae,181406
50171492,2020/06/01 6:31 PM UTC,2020-06-01,,UTC,1391564,adil-kuhs,2020-06-19 17:39:56 UTC,2020-06-19 17:39:56 UTC,needs_id,,https://www.inaturalist.org/observations/50171492,https://static.inaturalist.org/photos/79657171/medium.jpeg?1592584186,,"",,0,0,false,,"Kerala, IN",10.6500451319,76.015733284,31,,obscured,true,,,Cinnamon Tree,Cinnamomum burmanni,Cinnamon tree,Plantae,160583
53824255,2020-05-25 8:39:35 PM GMT+05:30,2020-05-25,2020-05-25 15:09:35 UTC,Chennai,2481376,aiswaryasl,2020-07-21 10:16:10 UTC,2020-07-22 14:26:04 UTC,needs_id,CC-BY-NC,https://www.inaturalist.org/observations/53824255,https://static.inaturalist.org/photos/85620933/medium.jpeg?1595326578,,"",,0,0,false,2,"Kerala, IN",11.4354177957,75.9836187023,,,obscured,true,gps,gps,Waynad bush frog,Pseudophilautus wynaadensis,Waynad bush frog,Amphibia,26433
